rank,count,length,kind,sequence
1,748,41,intra,TGCAACTGGCAGAGTCGTAACGGAAGTTCCTGACAAGTGCA
2,95,48,intra,TGCAACTGGCAGAGTCGTAACGGAAGTTCCTGACAAGTGCCAGTTGCA
3,23,31,intra,TGACCTGTCAAGGAACTTCCTTGACAGGTCA
4,7,35,product,CAAGTGCAACTGACGACATGTTCCAGCTGAACCGT
5,5,45,product,CAAGTGCACTTGTCAGGAACTTCCGTTACGACTCTGCCAGTTGCA
6,4,21,product,CAAGTGCATTCCAGGACAGCT
7,2,42,intra,TGCAACTGGCAGAGTCGTAACGGAAGTTCCTGACAAGTGCAG
8,1,60,intra,TGCAACTGGCAGAGTCGTAACGGAAGTTCCTGACAAGTGCCAGTTGCATGAAGGATAGGC
9,1,58,intra,TGCAACTGGCAGAGTCGTAACGGAAGTTCCTGACAAGTGCAAGAAGGAAGAGGAGAGA
10,1,51,intra,TGCAACTGGCAGAGTCGTAACGGAAGTTCCTGACAAGTGCAAGGGGAGAGG
11,1,51,intra,TGCAACTGGCAGAGTCGTAACGGAAGTTCCTGACAAGTGCAAGGAGAAGGA
12,1,49,intra,TGCAACTGGCAGAGTCGTAACGGAAGTTCCTGACAAGTGCAAAGGGAGA
13,1,49,product,CAAGTGCACTGGCACTTGTCAGGAACTTCCGTTACGACTCTGCCAGTTG
14,1,47,intra,TGCAACTGGCAGAGTCGTAACGGAAGTTCCTGACAAGTGCCAGTTGC
15,1,46,intra,TGCAACTGGCAGAGTCGTAACGGAAGTTCCTGACAAGTGCCAGTTA
16,1,44,intra,TGCAACTGGCAGAGTCGTAACGGAAGTTCCTGACAAGTGCAGTA
17,1,44,product,CAAGTGCATTGTCAGGAACTTCCGTTACGACTCTGCCAGTTGCA
18,1,44,intra,TGCAACTGGCAGAGTCGTAACGGAAGTTCCTGACAAGTGCATAA
19,1,44,intra,TGCAACTGGCAGAGTCGTAACGGAAGTTCCTGACAAGTGCAAGG
20,1,43,intra,TGCAACTGGCAGAGTCGTAACGGAAGTTCCTGACAAGTGCAAG
21,1,42,intra,TGCAACTGGCAGAGTCGTAACGGAAGTTCCTGACAAGTGCAA
22,1,26,intra,TGACCTGTCAAGGAACTTCCTTGACA
23,1,25,intra,TGACCTGTCAAGGAACTTCCTTGAC
24,1,24,intra,TGACCTGTCAAGGAACTTCCTTGA
25,1,16,product,CAAGTGCATTGTCCAG
26,1,13,product,TGAACCGTAATGC
